"time","od","flu","phi","growth_rate","production_rate","Condition","strain"
0,0.0101222222222222,7.44444444444444,729.19627891642,4.53656474975999,-89.2191371800636,0,"nebpHg"
0.270833333333333,0.0124333333333333,5.33333333333333,429.109626403471,4.8824653160592,190.309857320861,0,"nebpHg"
0.541666666666667,0.0182222222222222,6.77777777777778,373.335897480629,3.52655460791187,69.1634071548948,0,"nebpHg"
0.812222222222222,0.0263777777777778,7,268.596926536229,2.65987641038918,16.4158575658448,0,"nebpHg"
1.08305555555556,0.0388666666666667,7.66666666666667,201.669796374101,1.85933286804751,-55.4984006258802,0,"nebpHg"
1.35388888888889,0.0514,7.88888888888889,152.111421261187,1.33726965665797,48.1236487133531,0,"nebpHg"
1.62472222222222,0.0647333333333333,8.11111111111111,124.156043047868,1.15261904879772,12.2732725417411,0,"nebpHg"
1.89555555555556,0.0805222222222222,8.66666666666667,105.258587107197,0.923543742602921,-19.5730688243985,0,"nebpHg"
2.16638888888889,0.0982555555555555,8.55555555555556,84.350372321255,0.678287711568824,9.29322197485424,0,"nebpHg"
2.43694444444444,0.119388888888889,8.22222222222222,66.4268546685501,0.565298135791129,5.58517725670226,0,"nebpHg"
2.70777777777778,0.142622222222222,8.22222222222222,54.7599930541254,0.414756850714786,25.7144340384856,0,"nebpHg"
2.97861111111111,0.166466666666667,8.55555555555556,49.3768054672565,0.317889992962301,13.3569162301579,0,"nebpHg"
3.24944444444444,0.189255555555556,9.11111111111111,46.0572472271987,0.2373138938748,-0.604653495955657,0,"nebpHg"
3.52027777777778,0.207266666666667,8.77777777777778,40.2603044729548,0.209019436254766,14.8556498677842,0,"nebpHg"
3.79083333333333,0.225433333333333,9.22222222222222,38.9290769182912,0.158532338707878,5.77433185518704,0,"nebpHg"
4.06166666666667,0.241822222222222,9.66666666666667,38.1220743329084,0.13831336458181,6.78152238166356,0,"nebpHg"
4.3325,0.254977777777778,9.88888888888889,37.0262067910707,0.115214711599464,-1.0365551428283,0,"nebpHg"
4.60333333333333,0.263933333333333,9.66666666666667,34.794041373582,0.11434945999878,9.55873904722718,0,"nebpHg"
4.87416666666667,0.276144444444444,10.7777777777778,37.3627705536365,0.0920892568799539,0.553162797176979,0,"nebpHg"
5.145,0.285888888888889,13.6666666666667,44.8410040046119,0.0896200746934183,-1.29475358098497,0,"nebpHg"
5.41555555555556,0.295277777777778,11.5555555555556,37.4074060537369,0.0780427794586038,7.07024371799551,0,"nebpHg"
5.68638888888889,0.303855555555556,11.6666666666667,36.5720724846274,0.0574107352985708,3.2770834749465,0,"nebpHg"
5.95722222222222,0.311466666666667,14.7777777777778,44.702455065782,0.0607303900930208,2.5422766184741,0,"nebpHg"
6.22805555555556,0.318288888888889,12.7777777777778,38.4660494978888,0.0533824754843843,3.99695647632088,0,"nebpHg"
6.49888888888889,0.325766666666667,13.1111111111111,38.3270660558708,0.049815482908969,-0.917948969069265,0,"nebpHg"
6.76944444444444,0.331355555555556,12.7777777777778,36.676217909582,0.0386888279640214,-0.422757590750319,0,"nebpHg"
7.04027777777778,0.337522222222222,13.5555555555556,38.4386140261621,0.0402349408850514,3.76225899612204,0,"nebpHg"
7.31111111111111,0.342877777777778,13.4444444444444,37.5731820846017,0.0339616022331677,1.17287853176982,0,"nebpHg"
7.58194444444444,0.348366666666667,14.5555555555556,39.9939594184117,0.0251287345310897,0.377320579545085,0,"nebpHg"
7.85277777777778,0.352466666666667,14,37.9161854961665,0.0124278344228844,4.84594816867709,0,"nebpHg"
8.12361111111111,0.356388888888889,14.1111111111111,37.492969356606,0.00825872355198163,2.99084517032816,0,"nebpHg"
8.39416666666667,0.358988888888889,14.4444444444444,38.4562086200169,-0.00218363803327575,7.02621478607724,0,"nebpHg"
8.665,0.3614,13.5555555555556,35.4027143706605,-0.00799810272087071,7.95625743477333,0,"nebpHg"
8.93583333333333,0.3631,13.6666666666667,35.700741837235,-0.00565456800661787,-2.96130124778758,0,"nebpHg"
9.20666666666667,0.363522222222222,13.7777777777778,35.460818244243,-0.00602639440806169,0.325686689781067,0,"nebpHg"
9.4775,0.363055555555556,15,39.1661847340652,-0.00278178847221526,7.66131213493601,0,"nebpHg"
9.74833333333333,0.363177777777778,15,38.5983809937565,-0.00268164749829436,-3.51918116964883,0,"nebpHg"
10.0188888888889,0.3635,15,39.0867241096732,0.00533360659203471,-5.79606317391172,0,"nebpHg"
10.2897222222222,0.363822222222222,16.7777777777778,42.2037148713006,0.00588626489642108,7.05892249673792,0,"nebpHg"
10.5605555555556,0.3636,17.7777777777778,45.1756542857904,0.000602408320805804,-1.24185720445184,0,"nebpHg"
10.8313888888889,0.364211111111111,17,42.8423595271156,0.00616230177371786,1.94301028255372,0,"nebpHg"
11.1022222222222,0.364188888888889,17.2222222222222,43.761813039848,0.00785951718325378,2.17238764301517,0,"nebpHg"
11.3727777777778,0.364833333333333,17.5555555555556,44.1654830985633,0.00457545222066451,5.20740410609725,0,"nebpHg"
11.6436111111111,0.364311111111111,17.5555555555556,44.3652342675879,0.00649266595466594,-0.872384870460541,0,"nebpHg"
11.9144444444444,0.364455555555556,18.3333333333333,46.4101906235642,0.00247647424825325,-4.33519945310309,0,"nebpHg"
12.1852777777778,0.365088888888889,17.5555555555556,44.2871295669069,0.00700531850980352,4.20301418070317,0,"nebpHg"
12.4561111111111,0.366177777777778,17.3333333333333,43.8781413079097,0.00515494561983883,0.340730702743406,0,"nebpHg"
12.7269444444444,0.366655555555556,17.5555555555556,44.0902797619023,0.00617198386534133,5.78714823409159,0,"nebpHg"
12.9975,0.366777777777778,18.2222222222222,45.9241972465325,-0.000723354825769657,-3.00000842530916,0,"nebpHg"
13.2683333333333,0.368166666666667,18.1111111111111,45.1318529894385,0.0050577596771232,-3.78052644188541,0,"nebpHg"
13.5391666666667,0.369711111111111,18.2222222222222,45.5093426738942,NA,NA,0,"nebpHg"
13.81,0.369288888888889,18.1111111111111,45.1155141909499,NA,NA,0,"nebpHg"
14.0808333333333,0.370844444444444,19,46.8752718032551,NA,NA,0,"nebpHg"
14.3513888888889,0.371722222222222,18,44.39684303838,0.0155204011206948,-3.38003509345488,0,"nebpHg"
14.6222222222222,0.372211111111111,18.7777777777778,46.1616302419633,0.0248884740477994,5.72617848922527,0,"nebpHg"
14.8930555555556,0.372611111111111,19.5555555555556,48.348903417885,0.0366701021236937,2.54894438424395,0,"nebpHg"
15.1638888888889,0.373666666666667,18.7777777777778,46.0344164932983,0.0523817738370952,6.40242572195502,0,"nebpHg"
15.4347222222222,0.373344444444444,18.4444444444444,45.2161652753119,0.0721170418951187,8.25571346380966,0,"nebpHg"
15.7055555555556,0.374222222222222,19.3333333333333,47.3179812209737,0.0933124078993814,4.63925569642646,0,"nebpHg"
15.9761111111111,NA,NA,NA,NA,NA,0,"nebpHg"
0,0.0112555555555555,7.66666666666667,717.764960968982,5.76654680494589,698.368106917553,1000,"nebpHg"
0.270833333333333,0.0139111111111111,5.88888888888889,421.644332314725,6.03689942385453,1110.64769843557,1000,"nebpHg"
0.541666666666667,0.0197666666666667,10.6666666666667,546.02121326067,5.01934266839566,182.838827363617,1000,"nebpHg"
0.812222222222222,0.0292222222222222,16.5555555555556,572.138023001177,3.80807006521811,197.074660653789,1000,"nebpHg"
1.08305555555556,0.0425555555555555,22.7777777777778,541.012071030159,2.57071695025634,-14.7362472548725,1000,"nebpHg"
1.35388888888889,0.0589333333333333,25.8888888888889,437.259531916663,1.99696595752599,55.692024349053,1000,"nebpHg"
1.62472222222222,0.0786222222222222,27.5555555555556,349.324181594407,1.42265129141713,17.6219767582844,1000,"nebpHg"
1.89555555555556,0.103077777777778,28.7777777777778,277.327572253244,1.00043696863857,16.3397191239088,1000,"nebpHg"
2.16638888888889,0.134022222222222,28.2222222222222,209.36610337213,0.772138842227066,42.0253223985967,1000,"nebpHg"
2.43694444444444,0.171766666666667,29.5555555555556,171.093379609066,0.409479969376832,29.95599981176,1000,"nebpHg"
2.70777777777778,0.211066666666667,29.7777777777778,140.064526917141,0.35692432625776,14.1765388072508,1000,"nebpHg"
2.97861111111111,0.248977777777778,30.3333333333333,120.854613374931,0.254095198419809,28.6415474552751,1000,"nebpHg"
3.24944444444444,0.281122222222222,30.3333333333333,107.115747326539,0.171958337447268,3.37592206136798,1000,"nebpHg"
3.52027777777778,0.304766666666667,30.2222222222222,98.4718017969998,0.120699194529509,6.95152535080489,1000,"nebpHg"
3.79083333333333,0.323422222222222,31.3333333333333,96.6446162450858,0.106758174433321,18.245221103873,1000,"nebpHg"
4.06166666666667,0.338366666666667,32.6666666666667,96.5928895076285,0.103581404723329,9.80217103179414,1000,"nebpHg"
4.3325,0.349477777777778,33.7777777777778,96.4270342296354,0.10610182188339,-12.7022625695839,1000,"nebpHg"
4.60333333333333,0.360988888888889,34.8888888888889,96.5249819354157,0.0738550850019863,6.88948384623863,1000,"nebpHg"
4.87416666666667,0.375166666666667,34.7777777777778,92.7085889783131,0.064913808216518,7.4028179742059,1000,"nebpHg"
5.145,0.387966666666667,37.4444444444444,95.4172468139541,0.06780710515238,-4.55012809604351,1000,"nebpHg"
5.41555555555556,0.397833333333333,37.6666666666667,94.4561623202925,0.0386224012461673,-1.04718960320472,1000,"nebpHg"
5.68638888888889,0.405411111111111,37,90.9732545781884,0.0351127039304924,14.9192926767472,1000,"nebpHg"
5.95722222222222,0.413211111111111,39.3333333333333,94.2146575282432,0.0200060350361691,-1.2120919938381,1000,"nebpHg"
6.22805555555556,0.420988888888889,37.7777777777778,89.3546654281188,0.0134023264759462,5.14505345633183,1000,"nebpHg"
6.49888888888889,0.427766666666667,39.1111111111111,90.8218954148869,-0.00798603465545241,-16.5789183429014,1000,"nebpHg"
6.76944444444444,0.431533333333333,37.3333333333333,85.730689299895,-0.00740708822045051,5.77874350782335,1000,"nebpHg"
7.04027777777778,0.435111111111111,38.7777777777778,88.5604018699454,-0.0141995401334322,4.56698054605478,1000,"nebpHg"
7.31111111111111,0.436466666666667,39.3333333333333,89.6149822491319,-0.0227277917844344,1.30149562074505,1000,"nebpHg"
7.58194444444444,0.438,39.1111111111111,89.0756081518878,-0.0149947582545211,-0.138378999458798,1000,"nebpHg"
7.85277777777778,0.436088888888889,39.8888888888889,91.3843275184618,-0.010408599342732,2.36736741542847,1000,"nebpHg"
8.12361111111111,0.436255555555556,40.3333333333333,92.4520384736526,-0.00606775335136078,9.78485160162141,1000,"nebpHg"
8.39416666666667,0.435188888888889,39.5555555555556,90.5368943305547,-0.015106478395558,-1.18225424689682,1000,"nebpHg"
8.665,0.434422222222222,39.3333333333333,90.015673482831,-0.0100561032445814,-5.95403758645265,1000,"nebpHg"
8.93583333333333,0.433955555555556,39,89.364933947432,-0.00289917335119438,5.65169446650799,1000,"nebpHg"
9.20666666666667,0.432277777777778,39.3333333333333,90.7769393191427,-0.00602328450615976,2.87433846413802,1000,"nebpHg"
9.4775,0.431677777777778,38.8888888888889,89.9134418524171,-0.00614871563176409,10.0508545212087,1000,"nebpHg"
9.74833333333333,0.429655555555556,39.5555555555556,91.6221642157124,-0.00392989110990339,-10.0960613111523,1000,"nebpHg"
10.0188888888889,0.429511111111111,39.2222222222222,91.0532988415528,-0.00559044371577061,6.62563037412461,1000,"nebpHg"
10.2897222222222,0.4283,41.2222222222222,94.7600197048136,-0.000813178239368343,-6.34457235768775,1000,"nebpHg"
10.5605555555556,0.427422222222222,42.3333333333333,98.1551351184356,-0.00329813310794219,8.61076987441017,1000,"nebpHg"
10.8313888888889,0.426877777777778,41.7777777777778,96.5918635108365,-0.00185374826260936,-16.1408398726535,1000,"nebpHg"
11.1022222222222,0.426555555555556,42.3333333333333,97.9145667700895,0.000693389663197142,21.1582749135219,1000,"nebpHg"
11.3727777777778,0.426133333333333,41.7777777777778,96.7720790391071,0.000429382193968939,-23.1114431488774,1000,"nebpHg"
11.6436111111111,0.425866666666667,42,97.3834938632764,-0.00424914504833503,13.9989306551448,1000,"nebpHg"
11.9144444444444,0.425266666666667,42.6666666666667,99.0404167925699,-0.00468707829417323,-5.6466430219685,1000,"nebpHg"
12.1852777777778,0.424922222222222,42.1111111111111,97.9864496004399,-0.0050849832909785,8.77327546821682,1000,"nebpHg"
12.4561111111111,0.424911111111111,42.3333333333333,98.1777553841674,0.000414067209858144,-0.216346173827593,1000,"nebpHg"
12.7269444444444,0.425044444444444,41.3333333333333,96.1196616309275,-0.00333903192977932,8.26504007507686,1000,"nebpHg"
12.9975,0.4245,42.3333333333333,98.6656651449781,-0.00558531192013103,-22.1985126692521,1000,"nebpHg"
13.2683333333333,0.424044444444444,42.1111111111111,98.2588522832353,-0.00255951152088522,8.20621227370131,1000,"nebpHg"
13.5391666666667,0.4246,42.5555555555556,99.0985510509086,NA,NA,1000,"nebpHg"
13.81,0.423955555555556,41.8888888888889,97.9864590122289,NA,NA,1000,"nebpHg"
14.0808333333333,0.423433333333333,42.1111111111111,98.4808266738241,NA,NA,1000,"nebpHg"
14.3513888888889,0.423177777777778,41.4444444444444,97.3792288606754,0.0138141711583176,5.22760476594071,1000,"nebpHg"
14.6222222222222,0.423177777777778,42.4444444444444,98.8581891438284,0.023107016198989,9.08900643564694,1000,"nebpHg"
14.8930555555556,0.4227,42,98.6110473910186,0.0351765374286055,16.1427187344978,1000,"nebpHg"
15.1638888888889,0.4226,43.2222222222222,101.097501134248,0.0554074164810676,31.3392685881554,1000,"nebpHg"
15.4347222222222,0.421944444444444,42.7777777777778,100.787230923035,0.0792548067675469,28.797806666558,1000,"nebpHg"
15.7055555555556,0.421277777777778,42.7777777777778,100.200964606446,0.114294025241365,8.33805224051422,1000,"nebpHg"
15.9761111111111,NA,NA,NA,NA,NA,1000,"nebpHg"
0,0.0119555555555556,7.66666666666667,653.094751928006,5.80897679446675,605.783763502893,2000,"nebpHg"
0.270833333333333,0.0148555555555556,5.77777777777778,396.441813675583,6.05895356351292,580.935332220229,2000,"nebpHg"
0.541666666666667,0.0216777777777778,10.3333333333333,496.50627638998,4.55247971321783,141.224582730566,2000,"nebpHg"
0.812222222222222,0.0313,16.6666666666667,551.990227765095,3.5516139404773,112.690968201542,2000,"nebpHg"
1.08305555555556,0.0459444444444444,24.3333333333333,554.430636203309,2.55660267789417,80.1470040349574,2000,"nebpHg"
1.35388888888889,0.0617666666666667,27.4444444444444,452.145283939853,1.96095514922036,-45.3513661851808,2000,"nebpHg"
1.62472222222222,0.0809,29.3333333333333,367.346537582617,1.35699602838143,-8.31799922776435,2000,"nebpHg"
1.89555555555556,0.106266666666667,30.2222222222222,287.989254862477,0.992488429232259,32.6321055653085,2000,"nebpHg"
2.16638888888889,0.1383,31.4444444444444,230.915534063128,0.679996638814114,28.5495673202485,2000,"nebpHg"
2.43694444444444,0.176244444444444,31.6666666666667,181.924652696721,0.452213665950455,9.49990835080119,2000,"nebpHg"
2.70777777777778,0.214033333333333,30.5555555555556,143.581768510727,0.330966840389889,52.5736082344057,2000,"nebpHg"
2.97861111111111,0.2503,32.1111111111111,127.896846903985,0.255817715043604,26.3250807994711,2000,"nebpHg"
3.24944444444444,0.2818,31.5555555555556,111.216481303877,0.150014451733251,7.88443020344114,2000,"nebpHg"
3.52027777777778,0.303033333333333,31.5555555555556,103.199807757139,0.113907760552611,4.87835324262013,2000,"nebpHg"
3.79083333333333,0.323022222222222,33,101.131607097634,0.101787797321505,23.4855829136952,2000,"nebpHg"
4.06166666666667,0.338511111111111,33.7777777777778,98.4377196872722,0.0830151659221182,-4.14822535592996,2000,"nebpHg"
4.3325,0.347977777777778,34.6666666666667,98.0401111646374,0.113329061796448,1.01056601549006,2000,"nebpHg"
4.60333333333333,0.361022222222222,35.3333333333333,96.4000921807006,0.0641484437956988,9.90632108144612,2000,"nebpHg"
4.87416666666667,0.375677777777778,37.6666666666667,98.2000737543978,0.060784111571925,-7.9777090311113,2000,"nebpHg"
5.145,0.387133333333333,41.5555555555556,104.49931214728,0.0591647354430001,6.44125602119908,2000,"nebpHg"
5.41555555555556,0.395444444444444,39.7777777777778,97.9295316713409,0.0452062663148829,-2.35157014017771,2000,"nebpHg"
5.68638888888889,0.404144444444444,40.3333333333333,97.6804961371317,0.0340609907943531,3.69465848903441,2000,"nebpHg"
5.95722222222222,0.410755555555556,43.3333333333333,102.385442485124,0.00858795905214678,9.6368201126934,2000,"nebpHg"
6.22805555555556,0.418088888888889,41.4444444444444,96.8886384214682,0.00203912666973453,-1.58122138671818,2000,"nebpHg"
6.49888888888889,0.425166666666667,40.7777777777778,93.4316360109746,-0.00831544226021296,-4.32099971077075,2000,"nebpHg"
6.76944444444444,0.429188888888889,40.8888888888889,93.0750720993847,-0.0119688258629169,-5.53912827936697,2000,"nebpHg"
7.04027777777778,0.432177777777778,41.4444444444444,93.5783627754705,-0.014064497705638,10.411559445149,2000,"nebpHg"
7.31111111111111,0.4324,41,92.6266066486589,-0.00843423535968734,-8.33240796996798,2000,"nebpHg"
7.58194444444444,0.433144444444444,43.6666666666667,98.6287162668869,-0.0183000524751282,2.13055188067622,2000,"nebpHg"
7.85277777777778,0.429533333333333,43,97.5159483639,-0.0141300633037057,0.328269455735659,2000,"nebpHg"
8.12361111111111,0.428911111111111,41.5555555555556,94.3633421901736,-0.00826430072051743,15.7056770272616,2000,"nebpHg"
8.39416666666667,0.427944444444444,41.3333333333333,94.0466271815171,-0.0140998168295541,2.2111381010103,2000,"nebpHg"
8.665,0.426822222222222,41.6666666666667,95.1376795099975,-0.00177204536755158,-5.53888704538306,2000,"nebpHg"
8.93583333333333,0.424955555555556,41.6666666666667,95.369829459308,-0.00279052212588111,3.00119249574076,2000,"nebpHg"
9.20666666666667,0.4232,41.2222222222222,94.7135849893307,-0.00613057329692264,0.878492575174756,2000,"nebpHg"
9.4775,0.423288888888889,42.1111111111111,97.1046860820018,-0.00749585955977459,0.948928531212337,2000,"nebpHg"
9.74833333333333,0.420788888888889,41.1111111111111,95.4083917583716,-0.0103966273499634,-6.09249309312696,2000,"nebpHg"
10.0188888888889,0.4206,41,95.1861311394304,-0.00289670899876494,0.929448348862691,2000,"nebpHg"
10.2897222222222,0.419977777777778,43.7777777777778,100.52712458147,-0.00361543141366948,-2.15107415531048,2000,"nebpHg"
10.5605555555556,0.419388888888889,42.7777777777778,98.2022131495107,-0.00318360107928186,12.9011452476877,2000,"nebpHg"
10.8313888888889,0.418377777777778,44.3333333333333,102.304413853323,-0.000745133583849017,-7.71105412176556,2000,"nebpHg"
11.1022222222222,0.419744444444444,44.1111111111111,101.568994688158,-0.00278488890874418,11.7738734850866,2000,"nebpHg"
11.3727777777778,0.419266666666667,44.1111111111111,101.427152834335,-0.00425195959405731,-9.88073208407067,2000,"nebpHg"
11.6436111111111,0.419033333333333,43.7777777777778,100.950472527516,-0.00469122812245387,6.17434974767842,2000,"nebpHg"
11.9144444444444,0.418411111111111,43.4444444444444,100.365850333889,-0.00281397576504587,-2.51736190763745,2000,"nebpHg"
12.1852777777778,0.417833333333333,43.4444444444444,100.353784063289,-0.00345103668773097,-3.64338869062009,2000,"nebpHg"
12.4561111111111,0.417666666666667,43.6666666666667,101.095749167213,-0.00546137830036782,0.365584953372938,2000,"nebpHg"
12.7269444444444,0.417655555555556,45.2222222222222,104.748429820274,-0.00708554765792816,0.319693110277674,2000,"nebpHg"
12.9975,0.417133333333333,44.5555555555556,102.779538089619,-0.00421410774529965,8.85497041371613,2000,"nebpHg"
13.2683333333333,0.417211111111111,44.6666666666667,103.671102881239,-0.0017611428244014,-9.25347998207735,2000,"nebpHg"
13.5391666666667,0.416488888888889,43.7777777777778,101.296390533716,NA,NA,2000,"nebpHg"
13.81,0.415933333333333,44.4444444444444,103.398840036133,NA,NA,2000,"nebpHg"
14.0808333333333,0.415811111111111,45.7777777777778,106.297745809115,NA,NA,2000,"nebpHg"
14.3513888888889,0.414822222222222,44.6666666666667,104.15632841064,0.0101402460053991,1.38135565723133,2000,"nebpHg"
14.6222222222222,0.414666666666667,43.7777777777778,102.205102536625,0.0252330118890864,12.1665513658177,2000,"nebpHg"
14.8930555555556,0.414566666666667,45,104.937866042529,0.0352378497356063,25.5073388700641,2000,"nebpHg"
15.1638888888889,0.413933333333333,43.8888888888889,102.477707569738,0.0588854927879444,30.9438174419437,2000,"nebpHg"
15.4347222222222,0.412622222222222,45.8888888888889,107.798498123801,0.0826693463031522,29.3206994488512,2000,"nebpHg"
15.7055555555556,0.4129,45.1111111111111,105.745897413993,0.11935924646648,33.1753606404389,2000,"nebpHg"
15.9761111111111,NA,NA,NA,NA,NA,2000,"nebpHg"
0,0.0115333333333333,7.44444444444444,645.22146330251,5.89657890449323,696.735088320642,5000,"nebpHg"
0.270833333333333,0.0141222222222222,6,434.357884325735,6.50522405987529,464.746723069484,5000,"nebpHg"
0.541666666666667,0.0208111111111111,9.33333333333333,469.885402005177,5.10347966367366,435.39352922546,5000,"nebpHg"
0.812222222222222,0.0303222222222222,15.1111111111111,510.662986072662,3.74746259076557,228.58769416688,5000,"nebpHg"
1.08305555555556,0.0448333333333333,19.1111111111111,437.385862348573,2.65946874153117,88.8050614981273,5000,"nebpHg"
1.35388888888889,0.0605888888888889,22.7777777777778,377.998137798949,1.87757408872799,33.5716541063846,5000,"nebpHg"
1.62472222222222,0.0804777777777778,23.2222222222222,289.906135628538,1.46024708004601,42.1087285338542,5000,"nebpHg"
1.89555555555556,0.106266666666667,25.8888888888889,243.234994911161,1.04147212462864,54.4877516054463,5000,"nebpHg"
2.16638888888889,0.140033333333333,25.3333333333333,181.131073124995,0.65058571453715,32.4727223293389,5000,"nebpHg"
2.43694444444444,0.178444444444444,27.7777777777778,155.932798683431,0.441926880918829,46.156728858269,5000,"nebpHg"
2.70777777777778,0.216955555555556,28.1111111111111,129.071533332176,0.36308568406154,39.0999386601775,5000,"nebpHg"
2.97861111111111,0.255133333333333,30.1111111111111,116.997935145292,0.23886465368516,25.0306920210869,5000,"nebpHg"
3.24944444444444,0.286233333333333,30.8888888888889,106.373458717534,0.154912999566333,26.3073210728153,5000,"nebpHg"
3.52027777777778,0.309111111111111,31.7777777777778,101.097295169065,0.139527592954143,14.0416363198307,5000,"nebpHg"
3.79083333333333,0.327955555555556,32.6666666666667,97.9026036003285,0.130987996230385,12.2707196228967,5000,"nebpHg"
4.06166666666667,0.344977777777778,35.1111111111111,99.6450510583404,0.0642186141278487,14.1126529871261,5000,"nebpHg"
4.3325,0.354733333333333,36.8888888888889,101.572853105671,0.0860435265370205,9.73554809049609,5000,"nebpHg"
4.60333333333333,0.367633333333333,37.4444444444444,99.3768672739038,0.0732480956529133,-2.41852164133362,5000,"nebpHg"
4.87416666666667,0.382222222222222,39.6666666666667,100.926809037952,0.0636962688011205,12.196697151713,5000,"nebpHg"
5.145,0.393188888888889,42.1111111111111,103.409336829782,0.0676391520286928,-3.35847623125453,5000,"nebpHg"
5.41555555555556,0.4029,42.7777777777778,103.11721378395,0.0399722964552396,8.41604052328862,5000,"nebpHg"
5.68638888888889,0.410655555555556,43.3333333333333,101.888827061996,0.0312426633368058,12.6731960730018,5000,"nebpHg"
5.95722222222222,0.4179,47.1111111111111,108.579583508845,0.00226159142930474,5.13111979409778,5000,"nebpHg"
6.22805555555556,0.426777777777778,46.2222222222222,104.329190833438,-0.00235406837648583,-4.02261012568195,5000,"nebpHg"
6.49888888888889,0.432344444444444,45.6666666666667,101.979468870526,-0.0128756952419681,12.9017800408749,5000,"nebpHg"
6.76944444444444,0.435,46.2222222222222,102.437512836368,-0.0112749359910669,-1.68160433311608,5000,"nebpHg"
7.04027777777778,0.438277777777778,47.5555555555556,104.436085152269,-0.0164779741638444,-12.2544640545467,5000,"nebpHg"
7.31111111111111,0.438788888888889,48.4444444444444,106.160103167448,-0.0240798793739616,4.13124577525721,5000,"nebpHg"
7.58194444444444,0.439555555555556,48.3333333333333,105.390637653205,-0.0118938668724122,1.13985735361524,5000,"nebpHg"
7.85277777777778,0.437066666666667,48.1111111111111,105.504890720271,-0.0163416750810618,7.89332186925583,5000,"nebpHg"
8.12361111111111,0.4374,49.1111111111111,106.966218524102,-0.0110255535415775,-1.87621523434244,5000,"nebpHg"
8.39416666666667,0.435011111111111,49.2222222222222,107.739571342663,-0.00450112965571325,12.8737354572071,5000,"nebpHg"
8.665,0.433355555555556,49.1111111111111,108.205314961684,-0.0103137877864055,-11.2945799525857,5000,"nebpHg"
8.93583333333333,0.431522222222222,48.8888888888889,107.978783625528,-0.000821967006353591,9.41569047145962,5000,"nebpHg"
9.20666666666667,0.428811111111111,48.7777777777778,108.060624471672,-0.0044955285696729,-2.63311666720747,5000,"nebpHg"
9.4775,0.428355555555556,48.5555555555556,108.098778160853,-0.00708725564127654,2.66441542380109,5000,"nebpHg"
9.74833333333333,0.426311111111111,48.6666666666667,109.044525282608,-0.00880915593693373,-5.93813346357474,5000,"nebpHg"
10.0188888888889,0.425888888888889,49,109.49482778157,0.000219156840856062,10.7614390010557,5000,"nebpHg"
10.2897222222222,0.425522222222222,51.7777777777778,115.153320179312,-0.00265613344346965,2.83109569209089,5000,"nebpHg"
10.5605555555556,0.424888888888889,51.5555555555556,115.375736773939,-0.00531642065671037,-7.89330385373566,5000,"nebpHg"
10.8313888888889,0.4248,51.1111111111111,113.855792579302,-0.00606676053046876,16.5150429415913,5000,"nebpHg"
11.1022222222222,0.4251,52.3333333333333,116.85291286328,0.001224709781588,-8.48301246874927,5000,"nebpHg"
11.3727777777778,0.425355555555556,51.8888888888889,115.568386916877,-0.00659026647013275,-0.715836522333704,5000,"nebpHg"
11.6436111111111,0.423988888888889,50.4444444444444,112.621749336492,-0.00105635911958039,-3.95107098100574,5000,"nebpHg"
11.9144444444444,0.424055555555556,51.5555555555556,115.575413939093,-0.00645783471068554,12.7360969840119,5000,"nebpHg"
12.1852777777778,0.423277777777778,53.1111111111111,119.182300294144,-0.00193647931462304,-0.12415279897252,5000,"nebpHg"
12.4561111111111,0.423277777777778,53.4444444444444,119.902908916317,-0.00575626948677883,-5.45424113746852,5000,"nebpHg"
12.7269444444444,0.423155555555556,52.4444444444444,117.137226709043,-0.00326483960530537,1.17840639564287,5000,"nebpHg"
12.9975,0.422444444444444,51.8888888888889,116.726545579805,-0.00359698801070013,3.65267527250763,5000,"nebpHg"
13.2683333333333,0.422066666666667,53.1111111111111,119.142287190082,-0.00426548663207617,8.42696535300318,5000,"nebpHg"
13.5391666666667,0.421688888888889,51.8888888888889,116.50655620232,NA,NA,5000,"nebpHg"
13.81,0.421044444444444,53.4444444444444,120.525667774357,NA,NA,5000,"nebpHg"
14.0808333333333,0.420822222222222,53.8888888888889,122.003754544132,NA,NA,5000,"nebpHg"
14.3513888888889,0.420077777777778,54.1111111111111,122.169507535428,0.00974475750783348,13.1687981896194,5000,"nebpHg"
14.6222222222222,0.419655555555556,53.4444444444444,121.214118241485,0.0228086270856488,10.0947697984579,5000,"nebpHg"
14.8930555555556,0.419022222222222,53.7777777777778,122.148877912941,0.040538005565423,16.5029573723058,5000,"nebpHg"
15.1638888888889,0.419044444444444,54.4444444444444,123.461645512624,0.0553954489423977,27.6652141213915,5000,"nebpHg"
15.4347222222222,0.418388888888889,54,122.804699373719,0.0827360550440417,14.9643884503655,5000,"nebpHg"
15.7055555555556,0.4181,54.3333333333333,123.517932647308,0.118231559626253,22.3295609788507,5000,"nebpHg"
15.9761111111111,NA,NA,NA,NA,NA,5000,"nebpHg"
0,0.0110777777777778,7.44444444444444,681.008271752006,6.39306928924105,1037.88758999333,10000,"nebpHg"
0.270833333333333,0.0139333333333333,5.22222222222222,373.103763187648,6.55297733420251,1019.703306303,10000,"nebpHg"
0.541666666666667,0.0203888888888889,9.66666666666667,494.652647442335,5.54079200512834,481.082839405225,10000,"nebpHg"
0.812222222222222,0.0308888888888889,14.6666666666667,490.095695518922,3.71210374640917,317.546652636986,10000,"nebpHg"
1.08305555555556,0.0447777777777778,21,484.392551750953,2.6706138403651,246.68046428942,10000,"nebpHg"
1.35388888888889,0.0610222222222222,24.4444444444444,402.971709078595,1.97943395587895,111.389873308199,10000,"nebpHg"
1.62472222222222,0.0814666666666667,25.6666666666667,316.516061130194,1.43400838627533,206.378424593762,10000,"nebpHg"
1.89555555555556,0.108755555555556,28.5555555555556,263.849595050091,1.03201133750951,117.284761422825,10000,"nebpHg"
2.16638888888889,0.143644444444444,29.6666666666667,208.423110968945,0.697621695340778,134.806405438818,10000,"nebpHg"
2.43694444444444,0.182677777777778,33,181.521805468469,0.44763163909035,85.478056162028,10000,"nebpHg"
2.70777777777778,0.221988888888889,35.6666666666667,160.660562071139,0.363633676606563,96.98904372066,10000,"nebpHg"
2.97861111111111,0.260566666666667,38.2222222222222,145.706349825567,0.232556496596671,84.7868969722549,10000,"nebpHg"
3.24944444444444,0.2918,41.4444444444444,140.570388564222,0.164961687063836,18.6301714178001,10000,"nebpHg"
3.52027777777778,0.314488888888889,44,138.102267020893,0.108424513500566,38.5039791630715,10000,"nebpHg"
3.79083333333333,0.333533333333333,48.2222222222222,142.736222584506,0.121354303048383,22.458841509793,10000,"nebpHg"
4.06166666666667,0.351555555555556,54.3333333333333,151.4030128663,0.110753346089349,16.7883635778199,10000,"nebpHg"
4.3325,0.362888888888889,57.2222222222222,154.496484851803,0.0945697058707944,26.1300820311008,10000,"nebpHg"
4.60333333333333,0.378177777777778,61.1111111111111,156.5394338016,0.0790802260419304,22.1671306230028,10000,"nebpHg"
4.87416666666667,0.392833333333333,66,161.974736815662,0.0626573002114632,7.74195126202371,10000,"nebpHg"
5.145,0.405233333333333,70.3333333333333,166.674357966463,0.0545274498113559,15.7587000450699,10000,"nebpHg"
5.41555555555556,0.413666666666667,73.1111111111111,169.764628388729,0.031124657161549,-1.89648962317598,10000,"nebpHg"
5.68638888888889,0.421755555555556,74.3333333333333,168.913929723803,0.0267370852028787,17.5783914896327,10000,"nebpHg"
5.95722222222222,0.4297,78.5555555555556,174.693857711295,0.0181907722816422,6.34804208975032,10000,"nebpHg"
6.22805555555556,0.437988888888889,78.7777777777778,171.886956657463,-0.0210578341434261,9.71427430110989,10000,"nebpHg"
6.49888888888889,0.443333333333333,79.1111111111111,170.740911056674,-0.0133213337673556,9.67122334752223,10000,"nebpHg"
6.76944444444444,0.446677777777778,80.6666666666667,172.414460490675,-0.0224820081330534,-2.36032495321611,10000,"nebpHg"
7.04027777777778,0.450622222222222,81.4444444444444,171.768466767141,-0.0134191111450943,7.9240146310547,10000,"nebpHg"
7.31111111111111,0.451777777777778,82.6666666666667,174.306418699499,-0.0277545782627849,-8.20789831399984,10000,"nebpHg"
7.58194444444444,0.450855555555556,83.6666666666667,175.338950253878,-0.018791600114212,0.441756618161956,10000,"nebpHg"
7.85277777777778,0.448055555555556,84.3333333333333,177.852147371366,-0.00891678200109653,-1.71548116247623,10000,"nebpHg"
8.12361111111111,0.447677777777778,86,181.114337053606,-0.0118285534437275,4.60282888902819,10000,"nebpHg"
8.39416666666667,0.4483,88.5555555555556,185.657413793822,-0.0138153121762906,-1.16736247538564,10000,"nebpHg"
8.665,0.444288888888889,85.8888888888889,181.469441893502,-0.00603097431302953,2.99787283146594,10000,"nebpHg"
8.93583333333333,0.441455555555556,86.3333333333333,184.535598036986,-0.00600401525818437,10.5864326377573,10000,"nebpHg"
9.20666666666667,0.439677777777778,86.5555555555556,185.00776913451,-0.00961118012776621,13.7574882307996,10000,"nebpHg"
9.4775,0.439355555555556,86.3333333333333,185.043197238354,-0.00136464857705433,0.528220740848771,10000,"nebpHg"
9.74833333333333,0.435733333333333,87.4444444444444,190.078823870057,-0.0107133527031029,3.96839033697812,10000,"nebpHg"
10.0188888888889,0.4348,87.5555555555556,190.553546521561,-0.00198201103687304,-0.300660613211917,10000,"nebpHg"
10.2897222222222,0.434155555555556,87.4444444444444,189.762346677001,-0.0076087223434458,-6.58186803632044,10000,"nebpHg"
10.5605555555556,0.432688888888889,89,194.320369556499,-0.000544735567350065,12.4359512420909,10000,"nebpHg"
10.8313888888889,0.432888888888889,89.5555555555556,195.686726099746,-0.00318986482162289,-7.41435612356129,10000,"nebpHg"
11.1022222222222,0.432755555555556,91.2222222222222,198.892474468016,-0.00269488248818084,7.28413732382163,10000,"nebpHg"
11.3727777777778,0.432411111111111,90.7777777777778,198.179886013576,-0.00781835798838537,10.0804834789164,10000,"nebpHg"
11.6436111111111,0.431622222222222,90.4444444444444,197.788971557766,0.000488458493997154,-13.7474768125693,10000,"nebpHg"
11.9144444444444,0.430911111111111,91.3333333333333,199.949632838398,-0.00458768627957185,4.0659755682127,10000,"nebpHg"
12.1852777777778,0.430522222222222,90.8888888888889,198.719992967499,-0.00765207395923689,12.0278853945288,10000,"nebpHg"
12.4561111111111,0.430044444444444,90.3333333333333,198.339533505885,-0.00244028723945005,4.73203840474618,10000,"nebpHg"
12.7269444444444,0.429988888888889,91.3333333333333,200.569823262633,-0.00483617798796433,-6.65277282269621,10000,"nebpHg"
12.9975,0.429488888888889,93,204.28921589105,-0.00803270224363687,-14.9955521677501,10000,"nebpHg"
13.2683333333333,0.429066666666667,91.2222222222222,201.194576992722,-0.00217075338556383,30.5629792748095,10000,"nebpHg"
13.5391666666667,0.428411111111111,93.2222222222222,205.302803190207,NA,NA,10000,"nebpHg"
13.81,0.428088888888889,93.7777777777778,207.624633468014,NA,NA,10000,"nebpHg"
14.0808333333333,0.427933333333333,93.1111111111111,205.696935626335,NA,NA,10000,"nebpHg"
14.3513888888889,0.427177777777778,94.3333333333333,208.974353689532,0.0180279133512899,8.51552963584942,10000,"nebpHg"
14.6222222222222,0.426544444444444,93,206.30680208852,0.0220618972185112,16.2877164477716,10000,"nebpHg"
14.8930555555556,0.426066666666667,91.7777777777778,204.118973699429,0.0346448948719508,26.256222365802,10000,"nebpHg"
15.1638888888889,0.425855555555556,94.6666666666667,211.175517516677,0.056487324095876,24.6707958689934,10000,"nebpHg"
15.4347222222222,0.425,95.1111111111111,212.302199361328,0.0808257561079775,22.9051538587068,10000,"nebpHg"
15.7055555555556,0.424888888888889,95.6666666666667,213.712677462858,0.115843296637376,11.484176396402,10000,"nebpHg"
15.9761111111111,NA,NA,NA,NA,NA,10000,"nebpHg"
0,0.0107666666666667,7.55555555555556,707.48602950889,6.67128338121082,2042.6112714821,25000,"nebpHg"
0.270833333333333,0.0133555555555556,6,453.429227400572,6.71769731679575,2037.81643176834,25000,"nebpHg"
0.541666666666667,0.0193333333333333,10.8888888888889,572.37801869273,5.53678142710902,1747.19157920421,25000,"nebpHg"
0.812222222222222,0.0298111111111111,21.3333333333333,738.004788669066,3.80353048289176,1126.94444419209,25000,"nebpHg"
1.08305555555556,0.0446444444444444,28.8888888888889,664.087082195085,2.41567673583188,600.988221889305,25000,"nebpHg"
1.35388888888889,0.0600888888888889,36.1111111111111,605.65522549242,1.96199563901331,566.472634214138,25000,"nebpHg"
1.62472222222222,0.0808666666666667,39.8888888888889,495.180320404022,1.57625539634324,525.310899105635,25000,"nebpHg"
1.89555555555556,0.107066666666667,43.5555555555556,406.624556386153,0.900672809890583,450.507589926849,25000,"nebpHg"
2.16638888888889,0.141044444444444,48.8888888888889,346.994499565453,0.718919108773901,393.609537178711,25000,"nebpHg"
2.43694444444444,0.179888888888889,55.3333333333333,307.669806190802,0.42525968275392,192.265295000691,25000,"nebpHg"
2.70777777777778,0.219577777777778,64.7777777777778,293.768071051411,0.341661138363483,333.800479868973,25000,"nebpHg"
2.97861111111111,0.256988888888889,75.8888888888889,293.366589374982,0.240912850525086,188.605778080525,25000,"nebpHg"
3.24944444444444,0.285088888888889,86.4444444444444,300.904970571779,0.176648027739936,130.655799897381,25000,"nebpHg"
3.52027777777778,0.308577777777778,97.3333333333333,312.822279841522,0.133528133024258,102.730631712611,25000,"nebpHg"
3.79083333333333,0.327722222222222,109.777777777778,330.916792155959,0.0951430001474198,106.732680850479,25000,"nebpHg"
4.06166666666667,0.347544444444444,126.666666666667,357.441530377285,0.0701727959261952,78.6143649074733,25000,"nebpHg"
4.3325,0.355288888888889,137.444444444444,379.306729779785,0.0977073603478314,33.8425046077907,25000,"nebpHg"
4.60333333333333,0.369544444444444,147.444444444444,389.61871974132,0.0724501365733245,55.8639679509421,25000,"nebpHg"
4.87416666666667,0.383333333333333,160.666666666667,406.573098467755,0.0561450660448959,59.118163624534,25000,"nebpHg"
5.145,0.395633333333333,172.888888888889,421.903726843619,0.0624366574691596,62.0677247860918,25000,"nebpHg"
5.41555555555556,0.403911111111111,179.666666666667,428.098836428586,0.0334003350260317,19.145396648655,25000,"nebpHg"
5.68638888888889,0.410577777777778,190.444444444444,446.460265337807,0.0205297109450448,47.1344402233948,25000,"nebpHg"
5.95722222222222,0.416911111111111,197.222222222222,454.734787865636,0.00822108950326841,20.5684026050747,25000,"nebpHg"
6.22805555555556,0.423888888888889,200.222222222222,453.289244735087,0.006384707417758,18.5213608282248,25000,"nebpHg"
6.49888888888889,0.429311111111111,207,461.851973798396,-0.0111324661409446,7.08435790842911,25000,"nebpHg"
6.76944444444444,0.4338,211.444444444444,465.672057193341,-0.0127182797423119,63.3781273976133,25000,"nebpHg"
7.04027777777778,0.437244444444444,217.333333333333,473.86786255233,-0.024723970316449,-19.9967496632945,25000,"nebpHg"
7.31111111111111,0.436911111111111,221.333333333333,481.908712094327,-0.0177295075188235,10.3749412128617,25000,"nebpHg"
7.58194444444444,0.437088888888889,225.555555555556,490.326766050049,-0.0207581574843374,22.9796156463606,25000,"nebpHg"
7.85277777777778,0.4346,229.444444444444,499.938879800562,-0.0101847196350763,7.35631830794389,25000,"nebpHg"
8.12361111111111,0.434466666666667,228.555555555556,496.366347092832,-0.00848732103857053,2.71511488623424,25000,"nebpHg"
8.39416666666667,0.434322222222222,230.444444444444,500.139687348081,-0.00927065047314657,43.9939745548819,25000,"nebpHg"
8.665,0.432188888888889,233.555555555556,509.371794705231,-0.0138599013998194,-20.9471453642428,25000,"nebpHg"
8.93583333333333,0.430788888888889,238.111111111111,521.52887351276,-0.00316120625357567,12.6944626640777,25000,"nebpHg"
9.20666666666667,0.428888888888889,237.333333333333,522.171344007025,-0.00157539833209576,18.1961678637986,25000,"nebpHg"
9.4775,0.427277777777778,241,532.475267361069,-0.0073612394263534,32.8033870735149,25000,"nebpHg"
9.74833333333333,0.425233333333333,240.666666666667,535.25887512877,-0.00611428566123547,-30.5012865129245,25000,"nebpHg"
10.0188888888889,0.423933333333333,239.888888888889,534.693883393335,-0.00646688116058122,20.5129558903607,25000,"nebpHg"
10.2897222222222,0.424322222222222,246.333333333333,547.378909370595,1.39981199620851e-05,0.235736374449239,25000,"nebpHg"
10.5605555555556,0.422088888888889,245.444444444444,548.839551376675,-0.00474270268167655,48.3261333954521,25000,"nebpHg"
10.8313888888889,0.422666666666667,247.111111111111,553.032867484942,-0.00339635431307163,3.78905487840035,25000,"nebpHg"
11.1022222222222,0.422155555555556,248.555555555556,556.26890673249,-0.00745558116113508,6.35294364283719,25000,"nebpHg"
11.3727777777778,0.422144444444444,250.777777777778,562.391288428118,-0.00281938412724865,10.6713691648279,25000,"nebpHg"
11.6436111111111,0.421477777777778,250,560.870146062096,-0.00524382494985372,27.3167114089785,25000,"nebpHg"
11.9144444444444,0.421455555555556,252.555555555556,566.247386224927,-0.00372645552135191,-11.364410027662,25000,"nebpHg"
12.1852777777778,0.420211111111111,252.666666666667,570.133798710349,-0.000291278171700451,5.44813259126236,25000,"nebpHg"
12.4561111111111,0.4202,253.666666666667,571.639980375487,-0.00558860561085282,6.17939390192305,25000,"nebpHg"
12.7269444444444,0.419866666666667,254.555555555556,573.782664538535,-0.00120880062862848,11.0002219244595,25000,"nebpHg"
12.9975,0.419244444444444,259.111111111111,585.864747068311,-0.0105781684829198,29.8910156619123,25000,"nebpHg"
13.2683333333333,0.418955555555556,259.111111111111,585.691433826294,-0.00322920921042982,-7.67744604456682,25000,"nebpHg"
13.5391666666667,0.4185,261,590.35852729895,NA,NA,25000,"nebpHg"
13.81,0.417377777777778,260.444444444444,591.552542610526,NA,NA,25000,"nebpHg"
14.0808333333333,0.417655555555556,260.444444444444,590.738615438305,NA,NA,25000,"nebpHg"
14.3513888888889,0.417,261.333333333333,594.205644551114,0.0134891386745889,26.6053534422539,25000,"nebpHg"
14.6222222222222,0.416422222222222,263.222222222222,598.971438634786,0.0238946744494761,19.6150526977023,25000,"nebpHg"
14.8930555555556,0.416366666666667,265.555555555556,604.830149277103,0.0333189004242558,23.741065121844,25000,"nebpHg"
15.1638888888889,0.415722222222222,265,606.05655189981,0.050194128223456,44.0883415147021,25000,"nebpHg"
15.4347222222222,0.414655555555556,267.666666666667,611.820237103059,0.0853228444675698,32.3454308050796,25000,"nebpHg"
15.7055555555556,0.4143,268.777777777778,615.791162100724,0.124494193779188,39.2480738296071,25000,"nebpHg"
15.9761111111111,NA,NA,NA,NA,NA,25000,"nebpHg"
0,0.00978888888888888,7.44444444444444,211.598250937009,5.77555167214171,2035.68650186292,50000,"nebpHg"
0.270833333333333,0.0126,6.66666666666667,-89.1288053762311,2.8303643725913,-1822.07501512849,50000,"nebpHg"
0.541666666666667,0.0188,14.3333333333333,1457.94943211253,7.76209373217528,9388.47628160305,50000,"nebpHg"
0.812222222222222,0.0284222222222222,30.4444444444444,1182.65964379679,3.23883577823423,1662.06406380719,50000,"nebpHg"
1.08305555555556,0.0421222222222222,46.6666666666667,1207.20764846392,2.5403564125907,1448.2898534242,50000,"nebpHg"
1.35388888888889,0.0562333333333333,55.1111111111111,1116.23359116587,2.05708927604383,1377.0217277406,50000,"nebpHg"
1.62472222222222,0.0756333333333333,60.2222222222222,856.85767299271,1.52076517410588,1276.71851978616,50000,"nebpHg"
1.89555555555556,0.100277777777778,66.5555555555556,702.413784730211,0.976348181356311,1440.46972900815,50000,"nebpHg"
2.16638888888889,0.131088888888889,76.6666666666667,621.60376765588,0.811698394049596,1062.07648396461,50000,"nebpHg"
2.43694444444444,0.1681,94.7777777777778,602.069355003855,0.499611001048592,900.979193557231,50000,"nebpHg"
2.70777777777778,0.205766666666667,116.222222222222,592.991800194,0.359337136292915,732.838427040586,50000,"nebpHg"
2.97861111111111,0.2421,141.666666666667,617.145820002512,0.224530030834351,625.981515426941,50000,"nebpHg"
3.24944444444444,0.270477777777778,168,655.575644425288,0.176865261107924,430.939441309217,50000,"nebpHg"
3.52027777777778,0.293344444444444,197.666666666667,709.889561797126,0.130890634573309,362.125410136374,50000,"nebpHg"
3.79083333333333,0.312133333333333,229.111111111111,770.914679678689,0.110033591455537,237.276201236483,50000,"nebpHg"
4.06166666666667,0.3322,268.444444444444,840.593609796642,0.0644118769211317,247.6487666778,50000,"nebpHg"
4.3325,0.343488888888889,306.888888888889,916.298064114833,0.0858960014716464,181.07524480435,50000,"nebpHg"
4.60333333333333,0.355266666666667,332.777777777778,961.320127992603,0.0725689721899473,124.482064890116,50000,"nebpHg"
4.87416666666667,0.367777777777778,368.888888888889,1012.06425083214,0.0690863359181792,190.114845241081,50000,"nebpHg"
5.145,0.378411111111111,402.888888888889,1062.47233419675,0.0556187396882933,188.275307011255,50000,"nebpHg"
5.41555555555556,0.386766666666667,426.777777777778,1094.26568180866,0.018791285610099,105.226444968224,50000,"nebpHg"
5.68638888888889,0.396488888888889,454.666666666667,1132.22597653756,0.0219333413475441,113.339185894092,50000,"nebpHg"
5.95722222222222,0.403288888888889,479.555555555556,1160.66245062084,0.00101033311135669,111.602804687765,50000,"nebpHg"
6.22805555555556,0.410955555555556,496.333333333333,1179.28757558811,-0.00974571508737958,25.7348254566862,50000,"nebpHg"
6.49888888888889,0.4163,506.444444444444,1187.39782863064,-0.00688297696332363,91.5249865741804,50000,"nebpHg"
6.76944444444444,0.420022222222222,520.666666666667,1201.67184803327,-0.01197089117174,19.5803909778408,50000,"nebpHg"
7.04027777777778,0.425477777777778,542.111111111111,1235.49972953343,-0.00910073502401417,89.3135308566767,50000,"nebpHg"
7.31111111111111,0.426777777777778,559.666666666667,1257.33279765118,-0.0163504598090957,-11.6908848409677,50000,"nebpHg"
7.58194444444444,0.426744444444444,572.333333333333,1287.30844073405,-0.00899383276667722,66.9747151437102,50000,"nebpHg"
7.85277777777778,0.425077777777778,590.444444444444,1325.46551256473,-0.0164730177043315,-31.7785060161455,50000,"nebpHg"
8.12361111111111,0.424433333333333,595.777777777778,1341.03932393152,-0.0055549009260256,68.4413809193793,50000,"nebpHg"
8.39416666666667,0.424377777777778,595.444444444444,1337.59270673607,-0.00737998244123012,40.388380571494,50000,"nebpHg"
8.665,0.423688888888889,606.555555555556,1363.51265008596,-0.00382332612834806,42.9162679154245,50000,"nebpHg"
8.93583333333333,0.4227,611.555555555556,1381.23622300475,-0.0105857570011897,13.6713202860032,50000,"nebpHg"
9.20666666666667,0.421388888888889,616.555555555556,1395.1977617781,-0.00688983258756279,49.8981198964123,50000,"nebpHg"
9.4775,0.419633333333333,623.666666666667,1417.70674386411,-3.09759948790416e-05,-30.9873407330386,50000,"nebpHg"
9.74833333333333,0.418188888888889,623.222222222222,1423.85771552273,-0.013309840994389,73.2409972652415,50000,"nebpHg"
10.0188888888889,0.416555555555556,622.555555555556,1420.68262909191,-0.000241434419643966,-7.43985280223494,50000,"nebpHg"
10.2897222222222,0.415933333333333,626.777777777778,1438.79556749802,-0.0041876154271786,18.2953404014534,50000,"nebpHg"
10.5605555555556,0.413822222222222,633.555555555556,1460.05248163618,-0.00327569683504657,-9.10395774084122,50000,"nebpHg"
10.8313888888889,0.414488888888889,635.222222222222,1460.48131040302,-0.00291619677661635,75.004751442289,50000,"nebpHg"
11.1022222222222,0.414,638.888888888889,1470.7185062713,-0.00258959306771427,78.3736642898599,50000,"nebpHg"
11.3727777777778,0.414166666666667,637.555555555556,1468.75288937647,-0.00173416906952575,-35.9788386996222,50000,"nebpHg"
11.6436111111111,0.411511111111111,643.777777777778,1494.39657622225,-0.00340696104439637,53.5968012289018,50000,"nebpHg"
11.9144444444444,0.4119,645.777777777778,1497.26559231427,-0.00025576742001799,-36.4159207370788,50000,"nebpHg"
12.1852777777778,0.409944444444444,641.333333333333,1494.3137912496,-0.00690928987337413,87.8448759134079,50000,"nebpHg"
12.4561111111111,0.409722222222222,645.222222222222,1502.65319853573,-0.00398516180416008,23.2573889615195,50000,"nebpHg"
12.7269444444444,0.409711111111111,652.111111111111,1523.41470606428,-0.00982549138139794,19.5773527470739,50000,"nebpHg"
12.9975,0.408811111111111,651.777777777778,1524.13256582493,-0.00242309763675804,14.3189251216554,50000,"nebpHg"
13.2683333333333,0.408033333333333,651.555555555556,1524.6478156868,-0.0026966286967798,11.4686126396016,50000,"nebpHg"
13.5391666666667,0.407711111111111,658.777777777778,1546.87238062518,NA,NA,50000,"nebpHg"
13.81,0.407222222222222,663.111111111111,1554.86026453679,NA,NA,50000,"nebpHg"
14.0808333333333,0.406733333333333,666.888888888889,1569.60894449173,NA,NA,50000,"nebpHg"
14.3513888888889,0.405911111111111,671.555555555556,1582.57347236827,0.00907778921458934,47.2895015477749,50000,"nebpHg"
14.6222222222222,0.4059,669.555555555556,1573.65663828615,0.0252319878932975,70.8061766523988,50000,"nebpHg"
14.8930555555556,0.405355555555556,671.777777777778,1582.80947595893,0.0288979581783807,56.5905253689024,50000,"nebpHg"
15.1638888888889,0.405111111111111,677.555555555556,1600.14875481132,0.0563762272213892,85.3170350260454,50000,"nebpHg"
15.4347222222222,0.404044444444444,674.111111111111,1592.08513869217,0.0805288262491881,69.2236900797517,50000,"nebpHg"
15.7055555555556,0.404488888888889,677.333333333333,1602.89290442869,0.130414878489985,74.8837336310589,50000,"nebpHg"
15.9761111111111,NA,NA,NA,NA,NA,50000,"nebpHg"
0,0.0118333333333333,7.11111111111111,599.968188530803,5.99307688574719,5726.73030247502,125000,"nebpHg"
0.270833333333333,0.0146444444444444,8.44444444444444,582.990287918423,6.11157868030747,6693.34035282177,125000,"nebpHg"
0.541666666666667,0.0206444444444444,21.1111111111111,1021.03966366296,5.03545273776142,5204.93297255193,125000,"nebpHg"
0.812222222222222,0.0312888888888889,45.5555555555556,1452.11744728144,3.62322413871293,4022.50042819846,125000,"nebpHg"
1.08305555555556,0.0456444444444444,66,1445.93897601082,2.26597331296991,2660.68565279005,125000,"nebpHg"
1.35388888888889,0.0608111111111111,77.2222222222222,1273.27643017086,1.9562554246393,2811.37362581979,125000,"nebpHg"
1.62472222222222,0.0807111111111111,88.3333333333333,1097.2967470011,1.50416685880349,2565.86579815323,125000,"nebpHg"
1.89555555555556,0.106733333333333,101.333333333333,950.838100389111,1.09569641833136,2690.50519974472,125000,"nebpHg"
2.16638888888889,0.138933333333333,125.444444444444,905.002403340085,0.706621017642497,2487.13626839738,125000,"nebpHg"
2.43694444444444,0.177244444444444,165.666666666667,934.991436703096,0.536497526273884,1978.93673107117,125000,"nebpHg"
2.70777777777778,0.215355555555556,214.888888888889,997.973904956193,0.338202629859857,1556.95722355027,125000,"nebpHg"
2.97861111111111,0.253077777777778,269,1064.78600107581,0.282554596661819,1739.66278065381,125000,"nebpHg"
3.24944444444444,0.285966666666667,333.777777777778,1172.01441890039,0.183166419754214,1016.40175869011,125000,"nebpHg"
3.52027777777778,0.309233333333333,404.111111111111,1313.44176058187,0.153757215035007,935.485245251109,125000,"nebpHg"
3.79083333333333,0.330911111111111,491.444444444444,1493.51859312526,0.106404701538364,767.787309987456,125000,"nebpHg"
4.06166666666667,0.348355555555556,570.444444444444,1644.31624461409,0.108879658941456,543.916591275433,125000,"nebpHg"
4.3325,0.365188888888889,659.333333333333,1804.256886239,0.0930441141789609,538.043450566796,125000,"nebpHg"
4.60333333333333,0.375722222222222,732.777777777778,1940.02190532105,0.0428777212268451,512.520139537056,125000,"nebpHg"
4.87416666666667,0.396066666666667,840.111111111111,2087.32174425124,0.0472713150525173,306.289854725184,125000,"nebpHg"
5.145,0.403955555555556,910.666666666667,2207.55596367488,0.0579544912504585,374.328225264402,125000,"nebpHg"
5.41555555555556,0.412977777777778,978.888888888889,2313.73187007099,0.0477161335444272,329.785081915767,125000,"nebpHg"
5.68638888888889,0.421555555555556,1045.11111111111,2412.76843982099,0.0296054627973981,318.054088356535,125000,"nebpHg"
5.95722222222222,0.428688888888889,1107.33333333333,2508.79258347189,0.0136078577620718,288.111754413191,125000,"nebpHg"
6.22805555555556,0.436177777777778,1150.77777777778,2561.01779494573,0.0119313755355569,196.881679278408,125000,"nebpHg"
6.49888888888889,0.443755555555556,1190.77777777778,2597.7668589912,-0.00399314429339313,234.08452904918,125000,"nebpHg"
6.76944444444444,0.447888888888889,1236.55555555556,2670.20874852675,0.000640345542099757,122.402221537857,125000,"nebpHg"
7.04027777777778,0.451433333333333,1275.22222222222,2728.32684517071,-0.00818933050377568,78.9878034773134,125000,"nebpHg"
7.31111111111111,0.4543,1313.44444444444,2790.62245577966,-0.0242144562099566,191.685234114845,125000,"nebpHg"
7.58194444444444,0.454966666666667,1355.88888888889,2871.66329055574,-0.0181225884714033,77.6634796518472,125000,"nebpHg"
7.85277777777778,0.453622222222222,1385.55555555556,2938.76065241703,-0.00536219349971223,136.421761544161,125000,"nebpHg"
8.12361111111111,0.453988888888889,1406,2977.63084678704,-0.010174964611276,132.265087216766,125000,"nebpHg"
8.39416666666667,0.453422222222222,1422.88888888889,3010.99922818526,-0.00901107277780206,53.963160458857,125000,"nebpHg"
8.665,0.452122222222222,1443.77777777778,3065.93441270371,-0.00840463108208336,108.351072274456,125000,"nebpHg"
8.93583333333333,0.4516,1460.55555555556,3107.47695998925,-0.00470091521049715,84.0048633217649,125000,"nebpHg"
9.20666666666667,0.449322222222222,1475.44444444444,3159.01626403156,-0.00698872939434605,78.5222961137544,125000,"nebpHg"
9.4775,0.448811111111111,1493.88888888889,3203.36571407311,-0.0083020110626816,121.283285533262,125000,"nebpHg"
9.74833333333333,0.4469,1509.11111111111,3250.7021362931,-0.000649884330539617,57.5303795744032,125000,"nebpHg"
10.0188888888889,0.446255555555556,1514.66666666667,3271.76016554346,-0.00690891913169866,187.382060131333,125000,"nebpHg"
10.2897222222222,0.445855555555556,1536.66666666667,3323.54924352452,-0.00161899431835268,24.9131870458806,125000,"nebpHg"
10.5605555555556,0.443855555555556,1540.55555555556,3349.42716452584,-0.000252896378712578,126.618952234069,125000,"nebpHg"
10.8313888888889,0.444522222222222,1553.11111111111,3374.98224213706,-0.00460895447636883,113.976941526162,125000,"nebpHg"
11.1022222222222,0.443788888888889,1557.55555555556,3396.18297254254,-0.00020795890477024,78.8852348996392,125000,"nebpHg"
11.3727777777778,0.443555555555556,1577.88888888889,3445.62224568938,-0.00346964505463935,84.3602485261836,125000,"nebpHg"
11.6436111111111,0.442266666666667,1579,3459.69740656257,0.00151637577804441,93.6009516582788,125000,"nebpHg"
11.9144444444444,0.4419,1593.11111111111,3495.96176841603,-0.00772518696890203,81.1072453739957,125000,"nebpHg"
12.1852777777778,0.441566666666667,1598.77777777778,3517.58838471958,-0.0010023414910277,23.8585739017628,125000,"nebpHg"
12.4561111111111,0.441044444444444,1607.55555555556,3539.64485453963,-0.00187338281067015,114.785739886249,125000,"nebpHg"
12.7269444444444,0.441066666666667,1616.77777777778,3560.33206902501,-0.00458662446322002,36.6762898492079,125000,"nebpHg"
12.9975,0.440944444444444,1627.22222222222,3585.77928932926,-0.00654979363997939,89.7712321493398,125000,"nebpHg"
13.2683333333333,0.440466666666667,1640.77777777778,3624.37818823,-0.000234011663078225,82.0124736828394,125000,"nebpHg"
13.5391666666667,0.440311111111111,1642.11111111111,3626.56952161963,NA,NA,125000,"nebpHg"
13.81,0.4397,1649.33333333333,3652.17404013096,NA,NA,125000,"nebpHg"
14.0808333333333,0.439233333333333,1654.55555555556,3667.5408519251,NA,NA,125000,"nebpHg"
14.3513888888889,0.438988888888889,1670.11111111111,3703.1748106981,0.0119229659426418,76.2646675413102,125000,"nebpHg"
14.6222222222222,0.438544444444444,1672.88888888889,3717.19230375702,0.0213541355572766,108.635727523997,125000,"nebpHg"
14.8930555555556,0.438055555555556,1676.22222222222,3730.87806028587,0.0304045485502756,75.8982808909736,125000,"nebpHg"
15.1638888888889,0.437855555555556,1686.33333333333,3750.57953806912,0.0468009795401009,105.800744850983,125000,"nebpHg"
15.4347222222222,0.437288888888889,1698.88888888889,3785.88899557597,0.073219333549719,89.9644283609214,125000,"nebpHg"
15.7055555555556,0.4368,1701.22222222222,3797.9973541628,0.107098119047132,141.360054749466,125000,"nebpHg"
15.9761111111111,NA,NA,NA,NA,NA,125000,"nebpHg"
0,0.0123111111111111,8.11111111111111,643.890805120804,5.43404043946863,7672.60514633224,250000,"nebpHg"
0.270833333333333,0.0148888888888889,9.44444444444444,636.828427456163,5.91294184520624,11931.5925043302,250000,"nebpHg"
0.541666666666667,0.0201444444444444,28,1389.98965182286,4.95199901730246,9121.07233306906,250000,"nebpHg"
0.812222222222222,0.0303444444444444,61.1111111111111,2026.97081713022,3.70720935189735,8459.55361502443,250000,"nebpHg"
1.08305555555556,0.0437,94.2222222222222,2172.25632179598,2.66239048389531,6880.77476562261,250000,"nebpHg"
1.35388888888889,0.0582555555555556,111.777777777778,1917.89921098378,2.12288162690468,6199.2913507701,250000,"nebpHg"
1.62472222222222,0.0766222222222222,125.888888888889,1640.96485289818,1.60916331128454,6345.1244296779,250000,"nebpHg"
1.89555555555556,0.101944444444444,154.222222222222,1508.58808464801,1.21356574496961,6171.07406837567,250000,"nebpHg"
2.16638888888889,0.133788888888889,209.555555555556,1560.92595672067,0.890167906307626,5820.31836326295,250000,"nebpHg"
2.43694444444444,0.169777777777778,302.888888888889,1778.66592966912,0.646193434768142,4965.24340450399,250000,"nebpHg"
2.70777777777778,0.207655555555556,419.888888888889,2019.61735558596,0.443103999133873,4342.95833302729,250000,"nebpHg"
2.97861111111111,0.246188888888889,546.222222222222,2218.84541554481,0.270221548282794,3416.21515176956,250000,"nebpHg"
3.24944444444444,0.281611111111111,699.444444444444,2493.7515304614,0.229278513435978,2899.56364907297,250000,"nebpHg"
3.52027777777778,0.309733333333333,872.555555555556,2835.4601574126,0.210016330817221,2785.21120538207,250000,"nebpHg"
3.79083333333333,0.3344,1077.22222222222,3252.19501567594,0.146845939683089,2180.85032166079,250000,"nebpHg"
4.06166666666667,0.3585,1288.33333333333,3637.06462315238,0.123862623939231,1919.36541468409,250000,"nebpHg"
4.3325,0.380655555555556,1509.33333333333,4016.48706725887,0.116922732406872,1590.96474990695,250000,"nebpHg"
4.60333333333333,0.398677777777778,1719.66666666667,4355.64207777442,0.0819299773302956,1591.91485740428,250000,"nebpHg"
4.87416666666667,0.414988888888889,1915.11111111111,4642.4397076448,0.0747947435243976,1285.86515997285,250000,"nebpHg"
5.145,0.429133333333333,2118.66666666667,4945.9133584363,0.0765552799209666,1398.03124262759,250000,"nebpHg"
5.41555555555556,0.4387,2297.66666666667,5228.18801207427,0.0598708123522605,995.184306406274,250000,"nebpHg"
5.68638888888889,0.448055555555556,2485.55555555556,5526.23574834303,0.0479932776090506,988.960640175315,250000,"nebpHg"
5.95722222222222,0.458411111111111,2691.88888888889,5833.55297739515,0.0385919457996394,942.645758959917,250000,"nebpHg"
6.22805555555556,0.469444444444444,2871.11111111111,6066.7756837939,0.0218312064812037,794.996439912072,250000,"nebpHg"
6.49888888888889,0.479966666666667,2982.44444444444,6140.00629903472,0.00665096815148653,634.500781437211,250000,"nebpHg"
6.76944444444444,0.486066666666667,3130.22222222222,6346.80337184727,0.0204484359660973,718.671608722981,250000,"nebpHg"
7.04027777777778,0.4904,3280.88888888889,6577.30829608618,0.00752516135836852,540.682587333149,250000,"nebpHg"
7.31111111111111,0.4951,3418.33333333333,6777.0160345516,-0.00772976868481196,426.226726800787,250000,"nebpHg"
7.58194444444444,0.500511111111111,3533.44444444444,6924.73532799678,-0.00807980285072696,291.208597925053,250000,"nebpHg"
7.85277777777778,0.502555555555556,3657.11111111111,7128.23832854704,-0.00287653976719378,209.924206641392,250000,"nebpHg"
8.12361111111111,0.505288888888889,3712.44444444444,7181.46354731191,-0.00532677311764554,372.224169302762,250000,"nebpHg"
8.39416666666667,0.505633333333333,3778.77777777778,7282.65151008342,-0.00241447333647019,173.231284570681,250000,"nebpHg"
8.665,0.5057,3861,7436.41854978783,-0.00304918057410242,275.80662505961,250000,"nebpHg"
8.93583333333333,0.506811111111111,3927.55555555556,7541.99441248443,-5.0906723615052e-05,149.355357898847,250000,"nebpHg"
9.20666666666667,0.506511111111111,3999.11111111111,7674.83392774059,-0.0029400086981556,242.601552636345,250000,"nebpHg"
9.4775,0.507288888888889,4069.55555555556,7797.47143786781,-0.00368984385196931,215.302608725402,250000,"nebpHg"
9.74833333333333,0.506133333333333,4104.22222222222,7882.48874522938,-0.00147078333585368,48.8461497351462,250000,"nebpHg"
10.0188888888889,0.505844444444444,4146,7964.10600457073,-0.00254597292591773,335.789367903837,250000,"nebpHg"
10.2897222222222,0.506444444444444,4173.55555555556,8011.98951912215,0.00194975543444557,145.029938657871,250000,"nebpHg"
10.5605555555556,0.505166666666667,4201,8091.47899968266,0.00280067235348379,207.919682896196,250000,"nebpHg"
10.8313888888889,0.506166666666667,4227.77777777778,8134.07935975507,4.14510851077774e-06,144.229865409597,250000,"nebpHg"
11.1022222222222,0.504877777777778,4228.22222222222,8162.07759910667,0.00196512502179503,277.797983413157,250000,"nebpHg"
11.3727777777778,0.505488888888889,4265.44444444444,8221.96535524961,0.00227483683610419,151.547560773577,250000,"nebpHg"
11.6436111111111,0.505088888888889,4274.22222222222,8255.01429951602,0.00203736622025697,225.597296379168,250000,"nebpHg"
11.9144444444444,0.504744444444444,4298.55555555556,8315.99105102679,0.00103876449106774,196.522299652369,250000,"nebpHg"
12.1852777777778,0.504622222222222,4317,8353.02718176136,0.00181891511596037,208.294079840717,250000,"nebpHg"
12.4561111111111,0.504988888888889,4333.66666666667,8380.24377253995,0.00201859074685677,180.675196700915,250000,"nebpHg"
12.7269444444444,0.504866666666667,4358,8435.15267577641,0.00139014611168856,170.813491790823,250000,"nebpHg"
12.9975,0.504977777777778,4386.22222222222,8482.29308343018,3.62736792816115e-05,217.396316659751,250000,"nebpHg"
13.2683333333333,0.505077777777778,4397.66666666667,8503.8499765566,0.00278062169637852,329.793138569003,250000,"nebpHg"
13.5391666666667,0.505866666666667,4437.88888888889,8566.03070336925,NA,NA,250000,"nebpHg"
13.81,0.505322222222222,4463.77777777778,8626.38465402391,NA,NA,250000,"nebpHg"
14.0808333333333,0.505566666666667,4478.88888888889,8649.34504981178,NA,NA,250000,"nebpHg"
14.3513888888889,0.5056,4515.11111111111,8712.84106281824,0.0055874300651565,92.9282852716421,250000,"nebpHg"
14.6222222222222,0.505644444444444,4528,8728.47616472688,0.0167387095022997,135.091273585708,250000,"nebpHg"
14.8930555555556,0.505622222222222,4551,8767.91206031178,0.0230304448857343,116.006456158578,250000,"nebpHg"
15.1638888888889,0.506077777777778,4576.22222222222,8801.7393409869,0.039828620064075,114.304747672779,250000,"nebpHg"
15.4347222222222,0.506088888888889,4601.88888888889,8848.20546265164,0.0636834642216912,188.024872318629,250000,"nebpHg"
15.7055555555556,0.506688888888889,4648.33333333333,8923.08748690613,0.094771777332529,144.572684917738,250000,"nebpHg"
15.9761111111111,NA,NA,NA,NA,NA,250000,"nebpHg"
